{
"meta":{"test_sets":[],"test_metrics":[],"learn_metrics":[{"best_value":"Min","name":"Logloss"}],"launch_mode":"Train","parameters":"","iteration_count":100,"learn_sets":["learn"],"name":"experiment"},
"iterations":[
{"learn":[0.6597325685],"iteration":0,"passed_time":0.0190567177,"remaining_time":1.886615052},
{"learn":[0.6361678514],"iteration":1,"passed_time":0.03778850904,"remaining_time":1.851636943},
{"learn":[0.6225988521],"iteration":2,"passed_time":0.05503272798,"remaining_time":1.779391538},
{"learn":[0.6109865197],"iteration":3,"passed_time":0.07008565664,"remaining_time":1.682055759},
{"learn":[0.6021316236],"iteration":4,"passed_time":0.08606881957,"remaining_time":1.635307572},
{"learn":[0.5952940634],"iteration":5,"passed_time":0.1014480825,"remaining_time":1.589353292},
{"learn":[0.5889039189],"iteration":6,"passed_time":0.11635875,"remaining_time":1.545909108},
{"learn":[0.5834003634],"iteration":7,"passed_time":0.1305374902,"remaining_time":1.501181138},
{"learn":[0.5782041078],"iteration":8,"passed_time":0.1447631998,"remaining_time":1.463716798},
{"learn":[0.5733157956],"iteration":9,"passed_time":0.1594702739,"remaining_time":1.435232465},
{"learn":[0.5697026533],"iteration":10,"passed_time":0.1741613487,"remaining_time":1.409123639},
{"learn":[0.5656542972],"iteration":11,"passed_time":0.1887710437,"remaining_time":1.384320987},
{"learn":[0.5616778414],"iteration":12,"passed_time":0.2057101873,"remaining_time":1.376675869},
{"learn":[0.5571994494],"iteration":13,"passed_time":0.2213067191,"remaining_time":1.35945556},
{"learn":[0.5533466982],"iteration":14,"passed_time":0.2361153658,"remaining_time":1.337987073},
{"learn":[0.549094905],"iteration":15,"passed_time":0.2510740051,"remaining_time":1.318138527},
{"learn":[0.545020856],"iteration":16,"passed_time":0.265817122,"remaining_time":1.297813007},
{"learn":[0.5416157607],"iteration":17,"passed_time":0.2806731234,"remaining_time":1.278622007},
{"learn":[0.5390818157],"iteration":18,"passed_time":0.2946106655,"remaining_time":1.255971785},
{"learn":[0.5357425504],"iteration":19,"passed_time":0.3090630223,"remaining_time":1.236252089},
{"learn":[0.5321146117],"iteration":20,"passed_time":0.3234804991,"remaining_time":1.21690283},
{"learn":[0.5287508781],"iteration":21,"passed_time":0.3397650011,"remaining_time":1.204621367},
{"learn":[0.5260889966],"iteration":22,"passed_time":0.3543149159,"remaining_time":1.186184718},
{"learn":[0.5238793503],"iteration":23,"passed_time":0.3694047007,"remaining_time":1.169781552},
{"learn":[0.5210328747],"iteration":24,"passed_time":0.3843699896,"remaining_time":1.153109969},
{"learn":[0.5186852368],"iteration":25,"passed_time":0.3995492499,"remaining_time":1.137178634},
{"learn":[0.5159879667],"iteration":26,"passed_time":0.4165770178,"remaining_time":1.126300826},
{"learn":[0.5144871059],"iteration":27,"passed_time":0.4320095208,"remaining_time":1.110881625},
{"learn":[0.5119427343],"iteration":28,"passed_time":0.4470876379,"remaining_time":1.094593872},
{"learn":[0.5100687758],"iteration":29,"passed_time":0.4612599473,"remaining_time":1.07627321},
{"learn":[0.5073978171],"iteration":30,"passed_time":0.4750928213,"remaining_time":1.057464667},
{"learn":[0.5048787804],"iteration":31,"passed_time":0.490897712,"remaining_time":1.043157638},
{"learn":[0.5028401179],"iteration":32,"passed_time":0.5058528129,"remaining_time":1.027034499},
{"learn":[0.5001227785],"iteration":33,"passed_time":0.5200566142,"remaining_time":1.009521663},
{"learn":[0.4978172671],"iteration":34,"passed_time":0.5339546075,"remaining_time":0.9916299854},
{"learn":[0.4965392534],"iteration":35,"passed_time":0.5479008048,"remaining_time":0.9740458752},
{"learn":[0.4942471444],"iteration":36,"passed_time":0.5631512228,"remaining_time":0.9588791092},
{"learn":[0.4921497626],"iteration":37,"passed_time":0.5772193317,"remaining_time":0.9417789097},
{"learn":[0.4895351195],"iteration":38,"passed_time":0.591055228,"remaining_time":0.9244709976},
{"learn":[0.4858832621],"iteration":39,"passed_time":0.6055169301,"remaining_time":0.9082753952},
{"learn":[0.4833429892],"iteration":40,"passed_time":0.619500955,"remaining_time":0.8914769841},
{"learn":[0.4812592858],"iteration":41,"passed_time":0.6354043406,"remaining_time":0.877463137},
{"learn":[0.4788005511],"iteration":42,"passed_time":0.6508894282,"remaining_time":0.8628069164},
{"learn":[0.4757123308],"iteration":43,"passed_time":0.6656215904,"remaining_time":0.8471547514},
{"learn":[0.4733277931],"iteration":44,"passed_time":0.6799799506,"remaining_time":0.8310866063},
{"learn":[0.4712198549],"iteration":45,"passed_time":0.6935739724,"remaining_time":0.8141955328},
{"learn":[0.4688873017],"iteration":46,"passed_time":0.7075005359,"remaining_time":0.7978197532},
{"learn":[0.4663536795],"iteration":47,"passed_time":0.7215081064,"remaining_time":0.781633782},
{"learn":[0.4641504176],"iteration":48,"passed_time":0.7360719032,"remaining_time":0.7661156543},
{"learn":[0.4615521891],"iteration":49,"passed_time":0.7504683943,"remaining_time":0.7504683943},
{"learn":[0.4593610359],"iteration":50,"passed_time":0.7650207008,"remaining_time":0.735019889},
{"learn":[0.4568436281],"iteration":51,"passed_time":0.7794680164,"remaining_time":0.7195089382},
{"learn":[0.4535893002],"iteration":52,"passed_time":0.7945215184,"remaining_time":0.7045756861},
{"learn":[0.4522546475],"iteration":53,"passed_time":0.8089139903,"remaining_time":0.6890748807},
{"learn":[0.4494829515],"iteration":54,"passed_time":0.8233466952,"remaining_time":0.673647296},
{"learn":[0.4473381939],"iteration":55,"passed_time":0.8376605977,"remaining_time":0.6581618982},
{"learn":[0.4456030979],"iteration":56,"passed_time":0.8513896869,"remaining_time":0.6422764305},
{"learn":[0.4440098265],"iteration":57,"passed_time":0.8653400245,"remaining_time":0.626625535},
{"learn":[0.4411121201],"iteration":58,"passed_time":0.8798525067,"remaining_time":0.6114229284},
{"learn":[0.4391638924],"iteration":59,"passed_time":0.8937013253,"remaining_time":0.5958008836},
{"learn":[0.4366301983],"iteration":60,"passed_time":0.9075512007,"remaining_time":0.5802376529},
{"learn":[0.4349401314],"iteration":61,"passed_time":0.9208899707,"remaining_time":0.5644164337},
{"learn":[0.4322852093],"iteration":62,"passed_time":0.9371478425,"remaining_time":0.5503884154},
{"learn":[0.4301387441],"iteration":63,"passed_time":0.9505221885,"remaining_time":0.534668731},
{"learn":[0.4284374336],"iteration":64,"passed_time":0.9653902292,"remaining_time":0.519825508},
{"learn":[0.4270565825],"iteration":65,"passed_time":0.9791319787,"remaining_time":0.5044013224},
{"learn":[0.4243100475],"iteration":66,"passed_time":0.993112262,"remaining_time":0.4891448454},
{"learn":[0.4230773858],"iteration":67,"passed_time":1.008369546,"remaining_time":0.4745268454},
{"learn":[0.4213176889],"iteration":68,"passed_time":1.022134198,"remaining_time":0.459219712},
{"learn":[0.4190148371],"iteration":69,"passed_time":1.035928527,"remaining_time":0.4439693685},
{"learn":[0.415558304],"iteration":70,"passed_time":1.050427698,"remaining_time":0.429047933},
{"learn":[0.4143331612],"iteration":71,"passed_time":1.064295421,"remaining_time":0.4138926636},
{"learn":[0.4119854601],"iteration":72,"passed_time":1.080343718,"remaining_time":0.3995791832},
{"learn":[0.4092648022],"iteration":73,"passed_time":1.094630859,"remaining_time":0.3846000317},
{"learn":[0.407227283],"iteration":74,"passed_time":1.109922067,"remaining_time":0.3699740222},
{"learn":[0.4050258572],"iteration":75,"passed_time":1.123895932,"remaining_time":0.354914505},
{"learn":[0.4031377285],"iteration":76,"passed_time":1.138049486,"remaining_time":0.3399368594},
{"learn":[0.4010914504],"iteration":77,"passed_time":1.151839577,"remaining_time":0.3248778293},
{"learn":[0.3995389746],"iteration":78,"passed_time":1.166179519,"remaining_time":0.3099970874},
{"learn":[0.3973927313],"iteration":79,"passed_time":1.181079465,"remaining_time":0.2952698663},
{"learn":[0.3955014369],"iteration":80,"passed_time":1.196041976,"remaining_time":0.280553056},
{"learn":[0.3929702537],"iteration":81,"passed_time":1.210797221,"remaining_time":0.2657847557},
{"learn":[0.3907676656],"iteration":82,"passed_time":1.225050057,"remaining_time":0.250913867},
{"learn":[0.3884809347],"iteration":83,"passed_time":1.239046646,"remaining_time":0.2360088849},
{"learn":[0.3863494972],"iteration":84,"passed_time":1.253372685,"remaining_time":0.2211834149},
{"learn":[0.384324383],"iteration":85,"passed_time":1.266926057,"remaining_time":0.2062437767},
{"learn":[0.3817370073],"iteration":86,"passed_time":1.28275964,"remaining_time":0.1916767279},
{"learn":[0.3791977434],"iteration":87,"passed_time":1.298659499,"remaining_time":0.1770899317},
{"learn":[0.377054242],"iteration":88,"passed_time":1.3139745,"remaining_time":0.1624013426},
{"learn":[0.3754837051],"iteration":89,"passed_time":1.328930722,"remaining_time":0.1476589691},
{"learn":[0.3736876702],"iteration":90,"passed_time":1.344685197,"remaining_time":0.1329908436},
{"learn":[0.3713539568],"iteration":91,"passed_time":1.360913426,"remaining_time":0.1183402979},
{"learn":[0.3695485303],"iteration":92,"passed_time":1.376361877,"remaining_time":0.1035971305},
{"learn":[0.3674239567],"iteration":93,"passed_time":1.392779088,"remaining_time":0.08890079282},
{"learn":[0.3658407487],"iteration":94,"passed_time":1.407895251,"remaining_time":0.07409975006},
{"learn":[0.3640283354],"iteration":95,"passed_time":1.422843318,"remaining_time":0.05928513825},
{"learn":[0.3621053216],"iteration":96,"passed_time":1.438476676,"remaining_time":0.04448896935},
{"learn":[0.3604434283],"iteration":97,"passed_time":1.452732867,"remaining_time":0.02964760953},
{"learn":[0.3584568811],"iteration":98,"passed_time":1.467002814,"remaining_time":0.01481821024},
{"learn":[0.3565168577],"iteration":99,"passed_time":1.481658284,"remaining_time":0}
]}