[
  {
    "run_name": "median_85_comp_1_outlier",
    "input_parquet": "C:\\Users\\gui\\Documents\\OpenClassrooms\\Projet 7\\df\\df_global.parquet",
    "output_parquet": "C:\\Users\\gui\\Documents\\OpenClassrooms\\Projet 7\\cache\\preprocessed_median_85.parquet",
    "completeness": 85,
    "impute": "median",
    "percent_outliers": 1,
    "target_col": "TARGET",
    "variance_threshold": 0.01
  },
  {
    "run_name": "mean_90_comp_2_outlier",
    "input_parquet": "C:\\Users\\gui\\Documents\\OpenClassrooms\\Projet 7\\df\\df_global.parquet",
    "output_parquet": "C:\\Users\\gui\\Documents\\OpenClassrooms\\Projet 7\\cache\\preprocessed_mean_90.parquet",
    "completeness": 90,
    "impute": "mean",
    "percent_outliers": 2,
    "target_col": "TARGET",
    "variance_threshold": 0.05
  },
  {
    "run_name": "zero_impute_80_comp",
    "input_parquet": "C:\\Users\\gui\\Documents\\OpenClassrooms\\Projet 7\\df\\df_global.parquet",
    "output_parquet": "C:\\Users\\gui\\Documents\\OpenClassrooms\\Projet 7\\cache\\preprocessed_zero_80.parquet",
    "completeness": 80,
    "impute": "zero",
    "percent_outliers": 1,
    "target_col": "TARGET",
    "variance_threshold": 0.01
  }
]