[
  {
    "run_name": "Select40_Cor50_Standard",
    "input_parquet": "C:\\Users\\gui\\Documents\\OpenClassrooms\\Projet 7\\cache\\preprocessed_median_85.parquet",
    "output_dir": "C:\\Users\\gui\\Documents\\OpenClassrooms\\Projet 7\\cache\\processed_s40_c50_std",
    "n_select": 40,
    "cor_val": 0.5,
    "scaler": "standard",
    "target_col": "TARGET",
    "cache_dir": "C:\\Users\\gui\\Documents\\OpenClassrooms\\Projet 7\\cache\\feng_cache"
  },
  {
    "run_name": "Select45_Cor55_Standard",
    "input_parquet": "C:\\Users\\gui\\Documents\\OpenClassrooms\\Projet 7\\cache\\preprocessed_median_85.parquet",
    "output_dir": "C:\\Users\\gui\\Documents\\OpenClassrooms\\Projet 7\\cache\\processed_s45_c55_std",
    "n_select": 45,
    "cor_val": 0.55,
    "scaler": "standard",
    "target_col": "TARGET",
    "cache_dir": "C:\\Users\\gui\\Documents\\OpenClassrooms\\Projet 7\\cache\\feng_cache"
  },
  {
    "run_name": "Select50_Cor60_Standard",
    "input_parquet": "C:\\Users\\gui\\Documents\\OpenClassrooms\\Projet 7\\cache\\preprocessed_median_85.parquet",
    "output_dir": "C:\\Users\\gui\\Documents\\OpenClassrooms\\Projet 7\\cache\\processed_s50_c60_std",
    "n_select": 50,
    "cor_val": 0.6,
    "scaler": "standard",
    "target_col": "TARGET",
    "cache_dir": "C:\\Users\\gui\\Documents\\OpenClassrooms\\Projet 7\\cache\\feng_cache"
  }
]